Employee_ID,Task_Completion_Efficiency,Attendance_Regularity,Feedback_Rating,Length_of_Service_Years,Department,Team
E1000,79.97,97,3.39,9,HR,Beta
E1001,73.62,94.62,3.71,7,Support,Epsilon
E1002,81.48,90.3,3.32,15,Finance,Beta
E1003,90.23,86.77,3.62,2,R&D,Epsilon
E1004,72.66,93.49,2.66,20,Support,Beta
E1005,72.66,91.97,3.93,12,HR,Zeta
E1006,90.79,94.48,3.8,1,Sales,Gamma
E1007,82.67,93.18,3.31,8,Sales,Beta
E1008,70.31,95.25,4.2,5,R&D,Zeta
E1009,80.43,87.32,4.36,15,Support,Delta
E1010,70.37,96.59,2.84,1,HR,Epsilon
E1011,70.34,90.99,3.34,1,Tech,Alpha
E1012,77.42,100,3.34,10,Finance,Alpha
E1013,55.87,86.55,3.24,10,Finance,Epsilon
E1014,57.75,98.68,4.3,15,HR,Gamma
E1015,69.38,90.99,3.68,17,Tech,Beta
E1016,64.87,86.74,3.64,6,Sales,Gamma
E1017,78.14,87.58,2.6,3,R&D,Alpha
E1018,65.92,88.4,4.18,13,Marketing,Zeta
E1019,60.88,92.12,3.06,16,Marketing,Epsilon
E1020,89.66,92.61,3.84,8,R&D,Epsilon
E1021,72.74,87.13,3.97,15,HR,Gamma
E1022,75.68,89.88,4.62,17,Tech,Zeta
E1023,60.75,100,3.01,17,Tech,Gamma
E1024,69.56,98.64,1.99,13,Finance,Beta
E1025,76.11,92.18,3.91,17,Sales,Delta
E1026,63.49,90.19,4.88,6,Support,Zeta
E1027,78.76,90.6,4.54,17,Tech,Delta
E1028,68.99,93.07,3.93,16,R&D,Beta
E1029,72.08,84.89,3.51,14,Support,Delta
E1030,68.98,88.71,4.28,13,Marketing,Alpha
E1031,93.52,81.66,3.22,6,Support,Delta
E1032,74.87,92,4.09,3,Sales,Beta
E1033,64.42,93.24,4.1,14,R&D,Delta
E1034,83.23,87.58,4.44,14,Sales,Epsilon
E1035,62.79,97.87,5,15,Support,Gamma
E1036,77.09,83.87,4.04,8,HR,Alpha
E1037,55.4,82.68,3.49,15,Tech,Epsilon
E1038,61.72,91.12,3.78,13,R&D,Epsilon
E1039,76.97,95.24,2.74,17,HR,Beta
E1040,82.38,98.42,3.38,3,Support,Gamma
E1041,76.71,87.71,3.55,6,Tech,Gamma
E1042,73.84,95.39,3.49,5,Finance,Zeta
E1043,71.99,89.81,3.89,17,HR,Alpha
E1044,60.21,89.14,3.31,2,HR,Beta
E1045,67.8,94.42,4.47,15,Support,Alpha
E1046,70.39,93.26,3.8,5,Marketing,Zeta
E1047,85.57,82.12,3.79,20,Support,Delta
E1048,78.44,97.38,3.6,6,HR,Epsilon
E1049,57.37,96.9,3.89,6,Tech,Alpha
E1050,78.24,86.87,4.3,18,Marketing,Epsilon
E1051,71.15,91.98,3.28,18,Support,Beta
E1052,68.23,92.47,3.41,4,R&D,Delta
E1053,81.12,91.3,3.62,17,Support,Beta
E1054,85.31,87.25,2.99,14,HR,Delta
E1055,84.31,86.64,3.31,14,HR,Delta
E1056,66.61,89.87,3.51,13,Finance,Epsilon
E1057,71.91,95.86,4.32,7,Support,Beta
E1058,78.31,92.72,3.96,12,HR,Beta
E1059,84.76,88.15,3.92,15,R&D,Alpha
E1060,70.21,93.86,4.31,19,Sales,Beta
E1061,73.14,75.76,3.72,11,Marketing,Alpha
E1062,63.94,95.74,4.03,15,Sales,Gamma
E1063,63.04,81.3,3.74,12,Marketing,Gamma
E1064,83.13,88.19,3.96,3,R&D,Gamma
E1065,88.56,84.4,3.45,17,Support,Zeta
E1066,74.28,83.53,2.34,3,Finance,Beta
E1067,85.04,95.8,3.72,19,HR,Zeta
E1068,78.62,87.66,4.65,20,HR,Beta
E1069,68.55,91.73,4.36,4,HR,Alpha
E1070,78.61,89.77,4.38,3,Support,Zeta
E1071,90.38,92.39,4.54,16,Marketing,Zeta
E1072,74.64,90.38,3.85,12,R&D,Zeta
E1073,90.65,83.59,3.92,8,HR,Delta
E1074,48.8,94.98,3.43,17,Sales,Alpha
E1075,83.22,87.53,3.61,7,HR,Gamma
E1076,75.87,82.22,4.17,11,Support,Alpha
E1077,72.01,87.86,4.52,18,R&D,Delta
E1078,75.92,97.5,3.72,1,Finance,Beta
E1079,55.12,94.25,3.53,3,R&D,Alpha
E1080,72.8,88.26,3.8,4,Sales,Zeta
E1081,78.57,88.25,4.16,13,HR,Gamma
E1082,89.78,88.39,2.93,6,HR,Gamma
E1083,69.82,100,2.42,14,Tech,Beta
E1084,66.92,91.91,3.47,5,Marketing,Alpha
E1085,69.98,92.15,3.07,16,Sales,Delta
E1086,84.15,95.15,3.5,15,Tech,Beta
E1087,78.29,91.19,3.71,15,R&D,Alpha
E1088,69.7,88.7,3.53,4,Finance,Epsilon
E1089,80.13,89.02,4.67,8,Marketing,Gamma
E1090,75.97,89.64,4,16,Sales,Delta
E1091,84.69,89.81,3.98,16,HR,Zeta
E1092,67.98,93.64,4.17,4,R&D,Delta
E1093,71.72,90.26,3.12,13,Sales,Zeta
E1094,71.08,93.66,4.42,13,HR,Delta
E1095,60.36,89.6,3.75,2,Marketing,Gamma
E1096,77.96,90.39,4.2,3,HR,Zeta
E1097,77.61,80.01,3.16,8,Finance,Alpha
E1098,75.05,94.58,2.87,15,R&D,Zeta
E1099,72.65,91.73,4.29,11,Support,Beta
E1100,60.85,94.99,4.03,9,HR,Alpha
E1101,70.79,75.52,3.26,7,Finance,Beta
E1102,71.57,100,3.28,13,Support,Delta
E1103,66.98,89.3,4.48,2,R&D,Alpha
E1104,73.39,95.54,3.09,8,Marketing,Delta
E1105,79.04,84.8,4.79,7,Marketing,Epsilon
E1106,93.86,93.06,3.26,12,R&D,Delta
E1107,76.75,84.73,4.18,19,R&D,Delta
E1108,77.58,86.88,3.6,7,Sales,Beta
E1109,74.26,99.57,4.16,10,Finance,Zeta
E1110,55.81,89.05,3.47,16,Finance,Epsilon
E1111,74.73,91.09,3.7,3,R&D,Delta
E1112,75.6,94.35,3.82,10,Tech,Delta
E1113,99.63,92.48,3.2,6,Tech,Epsilon
E1114,73.08,90.75,4.24,18,Support,Epsilon
E1115,78.02,91.82,3.49,18,Support,Alpha
E1116,74.65,100,3.66,5,Tech,Beta
E1117,63.31,89.71,3.2,7,R&D,Epsilon
E1118,86.43,91.01,2.26,2,R&D,Epsilon
E1119,82.52,95.25,3.69,11,Support,Gamma
E1120,82.91,95.53,5,13,HR,Zeta
E1121,65.91,95.94,4.27,5,R&D,Epsilon
E1122,89.03,93.19,3.79,6,Tech,Beta
E1123,60.98,84.28,3.64,14,Finance,Zeta
E1124,80.87,98.17,3.81,12,R&D,Zeta
E1125,96.9,84.27,4.13,4,R&D,Delta
E1126,65.09,91.51,3.09,6,HR,Delta
E1127,69.34,86.23,4.47,10,Support,Delta
E1128,76,89.68,4.23,18,R&D,Delta
E1129,69.97,91.64,4.23,15,Marketing,Gamma
E1130,59.49,91.61,4.06,8,Sales,Epsilon
E1131,75.69,92.11,3.81,9,Tech,Delta
E1132,64.38,98.07,4.2,5,Marketing,Alpha
E1133,79.74,92.27,4.16,10,Support,Delta
E1134,65.81,88.78,3.59,20,Finance,Epsilon
E1135,90.5,94.82,3.46,6,Sales,Delta
E1136,67.17,95.95,3.86,16,Marketing,Gamma
E1137,71.78,83.86,4.73,3,Sales,Beta
E1138,83.14,92.99,3.06,10,Tech,Beta
E1139,62.69,93.51,2.92,11,Support,Epsilon
E1140,77.27,88.51,3.9,11,R&D,Beta
E1141,88.07,96.88,3.83,17,Finance,Beta
E1142,58.93,89.25,3.9,4,Support,Alpha
E1143,76.85,90.63,3.95,4,Sales,Epsilon
E1144,77.6,89.13,3.67,17,Marketing,Epsilon
E1145,82.82,90.08,4.69,9,Tech,Beta
E1146,62.63,84.52,2.84,19,Tech,Beta
E1147,61.8,82.8,3.3,5,Support,Beta
E1148,80.22,97.97,3.74,6,R&D,Zeta
E1149,77.97,85.77,2.81,3,Marketing,Gamma
E1150,77.5,85.04,3.69,1,R&D,Delta
E1151,78.46,79.23,4.8,20,R&D,Gamma
E1152,68.2,86.81,3.81,16,Marketing,Epsilon
E1153,77.32,83.38,3.94,11,Sales,Alpha
E1154,77.93,98.21,3.04,13,Support,Delta
E1155,67.86,95.05,3.43,10,Support,Alpha
E1156,93.66,86.56,3.57,3,HR,Zeta
E1157,79.74,100,3.61,9,Support,Epsilon
E1158,63.09,94.91,4.57,12,Tech,Zeta
E1159,81.57,88.38,4.13,14,Sales,Epsilon
E1160,65.25,77.5,3.13,1,Marketing,Alpha
E1161,82.87,100,3.95,18,Support,Alpha
E1162,86.59,83.05,4.1,17,Sales,Alpha
E1163,66.79,81.77,4.48,9,Support,Epsilon
E1164,84.63,95.11,4.75,9,Marketing,Beta
E1165,79.13,100,3.19,10,Finance,Alpha
E1166,83.22,96.92,3.31,19,Marketing,Zeta
E1167,93.97,92.82,3.05,15,Marketing,Delta
E1168,72.55,92.97,3.66,5,Marketing,Epsilon
E1169,67.46,94.27,4.08,15,Support,Zeta
E1170,66.1,93.79,4.39,20,HR,Gamma
E1171,66.84,91.41,3.75,2,Marketing,Gamma
E1172,74.23,90.52,3.61,13,Tech,Delta
E1173,78.41,89.69,3.89,16,Tech,Beta
E1174,77.77,86.23,3.3,15,Sales,Alpha
E1175,83.27,88.6,5,10,HR,Epsilon
E1176,75.13,81.54,2.84,14,Sales,Zeta
E1177,89.54,89.51,3.91,10,Tech,Alpha
E1178,72.35,85.06,5,14,R&D,Zeta
E1179,100,84.48,3.8,9,Tech,Epsilon
E1180,81.26,90.9,3.69,14,Finance,Gamma
E1181,66.43,96.96,3.59,3,Marketing,Alpha
E1182,64.29,94.59,3.69,20,R&D,Delta
E1183,79.82,82.15,4.62,16,Tech,Beta
E1184,72.77,85.05,2.47,2,Support,Delta
E1185,82.14,94.7,4.72,10,Support,Beta
E1186,79.73,85.09,2.95,3,Sales,Zeta
E1187,74.27,88.88,3.64,11,R&D,Alpha
E1188,66.53,92.75,3.54,11,Sales,Alpha
E1189,59.85,85.16,4.15,13,Marketing,Beta
E1190,70.53,90.53,2.84,7,Marketing,Gamma
E1191,83.56,83.33,4.08,17,Finance,Epsilon
E1192,77.14,86.99,5,2,HR,Delta
E1193,62.54,91.6,2.98,12,Sales,Zeta
E1194,76.73,82.04,3.91,10,Marketing,Delta
E1195,78.85,92.2,3.4,18,Sales,Delta
E1196,66.16,89.9,4.06,11,Marketing,Zeta
E1197,76.54,92.76,3.81,16,Tech,Zeta
E1198,75.58,91.12,3.42,17,Sales,Alpha
E1199,63.57,96.82,4.09,19,Tech,Delta
E1200,78.58,90.63,4.88,18,Sales,Epsilon
E1201,80.61,87.85,3.69,3,HR,Epsilon
E1202,85.83,90.61,4.23,16,Finance,Beta
E1203,85.54,92.72,3.02,6,Support,Zeta
E1204,61.22,90.24,3.23,12,Support,Alpha
E1205,65.62,90.2,4.08,11,Support,Epsilon
E1206,80.15,86.49,4.69,15,Tech,Gamma
E1207,80.14,86.69,4.01,15,R&D,Alpha
E1208,80.15,82.99,3.61,16,Marketing,Alpha
E1209,100,98.75,3.8,10,Support,Epsilon
E1210,80.71,83.78,3.05,12,HR,Gamma
E1211,86.36,86.54,4.16,13,Support,Beta
E1212,84.54,86.41,4.33,4,Sales,Epsilon
E1213,81.51,94.47,3.53,7,Tech,Gamma
E1214,71.85,88.53,3.52,2,R&D,Alpha
E1215,82.59,96.24,3.96,15,Sales,Gamma
E1216,67.27,86.63,3.54,8,R&D,Alpha
E1217,72.63,91.39,3.76,7,Sales,Epsilon
E1218,70.15,85.82,5,15,Sales,Zeta
E1219,75.82,100,3.65,14,Finance,Epsilon
E1220,98.15,84.06,3.58,8,Finance,Delta
E1221,56.33,91.55,3.41,12,Marketing,Delta
E1222,81.86,93.17,4.25,13,Tech,Delta
E1223,58.87,92.07,3.69,11,HR,Epsilon
E1224,70.28,89.07,3.41,17,HR,Beta
E1225,85.89,89.35,4.59,17,HR,Epsilon
E1226,75.64,90.22,4.65,4,Sales,Zeta
E1227,64.22,89.26,3.44,8,Finance,Gamma
E1228,67.85,94.82,2.68,5,Tech,Epsilon
E1229,81.8,100,4.4,16,Sales,Epsilon
E1230,67.7,87.21,3.39,4,R&D,Alpha
E1231,77.16,83.15,4.27,15,Finance,Alpha
E1232,75.46,89.56,2.62,12,Finance,Alpha
E1233,68.48,100,4.34,5,Support,Epsilon
E1234,96.44,85.98,3.07,16,Support,Beta
E1235,81.34,98.2,4.24,14,Tech,Gamma
E1236,54.75,98.39,3.81,10,R&D,Gamma
E1237,76.86,87.23,3.23,7,Tech,Zeta
E1238,68.38,92.84,3.56,13,Tech,Beta
E1239,83.52,98.14,4.21,20,Sales,Beta
E1240,67.07,88.1,3.86,5,Marketing,Gamma
E1241,73.85,88.98,4.15,3,Tech,Delta
E1242,80.05,87.09,4.99,15,Support,Alpha
E1243,83.66,84.93,2.86,4,Marketing,Alpha
E1244,63,86.75,4.77,15,Sales,Gamma
E1245,71.65,83.88,3.86,14,Marketing,Beta
E1246,70.25,90.17,3.26,20,HR,Zeta
E1247,68.47,86.15,3,19,R&D,Delta
E1248,92.65,91.17,3.69,13,Marketing,Gamma
E1249,79.05,82.22,4.35,10,Tech,Alpha
E1250,62.39,91.65,3.72,5,Sales,Epsilon
E1251,84.18,94.17,4.71,20,R&D,Beta
E1252,96.22,80.03,2.93,20,Tech,Epsilon
E1253,85.32,91.87,3.79,6,R&D,Zeta
E1254,59.81,96.14,3.05,4,Support,Gamma
E1255,70.16,83.95,4.02,2,HR,Alpha
E1256,87.67,98.36,4.33,16,Support,Delta
E1257,67.92,92.1,3.55,18,Tech,Epsilon
E1258,79.44,86.47,2.24,5,Tech,Delta
E1259,82.75,89.72,3.92,4,Tech,Zeta
E1260,65.73,92.79,4.06,13,Finance,Alpha
E1261,74.4,90.38,4.04,19,HR,Epsilon
E1262,42.59,92.69,4.54,2,R&D,Zeta
E1263,64.76,85.4,3.16,13,Tech,Delta
E1264,72.47,90.85,4.21,11,Tech,Delta
E1265,62.52,82.93,4.52,4,R&D,Epsilon
E1266,91.32,89.44,2.73,20,Support,Alpha
E1267,60.7,85.48,3.99,20,Support,Delta
E1268,70.6,86.32,3.5,15,Tech,Gamma
E1269,76.31,96.18,3.75,4,Sales,Zeta
E1270,89.41,95.46,4.01,9,Finance,Epsilon
E1271,60.64,93.05,3.51,7,Support,Beta
E1272,86.63,84.54,3.39,19,Sales,Beta
E1273,75.1,88.42,3.82,19,Finance,Alpha
E1274,65.18,96.07,3.15,6,Tech,Gamma
E1275,79.62,90.71,3.15,6,HR,Delta
E1276,76.99,100,4.21,20,Marketing,Beta
E1277,69,91.97,3.11,15,Marketing,Alpha
E1278,75.7,90.96,4.2,15,Tech,Zeta
E1279,71.15,88.45,4.08,20,Support,Gamma
E1280,76.14,90.67,2.76,9,Sales,Gamma
E1281,81.62,89.24,3.39,4,HR,Alpha
E1282,90.86,93.54,4.52,18,R&D,Alpha
E1283,62.62,94.78,3.21,18,Finance,Delta
E1284,96.33,86.07,3.52,5,Tech,Alpha
E1285,55.48,83.34,4.08,20,HR,Delta
E1286,73.48,80.82,4.27,11,HR,Delta
E1287,80.88,92.54,3.65,5,Support,Epsilon
E1288,77.81,84.48,3.44,4,Finance,Gamma
E1289,68.77,79.24,4.65,12,HR,Zeta
E1290,72.92,91.94,4.84,2,Support,Gamma
E1291,70.07,100,4.39,13,Sales,Gamma
E1292,69.11,89.97,3.85,10,Support,Epsilon
E1293,83.5,94.19,3.32,9,Sales,Delta
E1294,78.57,90.41,3.3,10,Sales,Delta
E1295,68.07,89.51,4.11,7,R&D,Alpha
E1296,84,94.6,4.05,4,R&D,Epsilon
E1297,78.07,88.55,4.64,19,HR,Alpha
E1298,83.13,91.34,4.19,10,Support,Epsilon
E1299,81.3,91.61,2.9,3,R&D,Alpha
E1300,66.71,86.66,4.43,19,Sales,Beta
E1301,69.4,94.96,3.2,2,R&D,Gamma
E1302,82.47,89.13,3.57,20,Finance,Gamma
E1303,81.1,86.22,3.95,10,HR,Zeta
E1304,74.79,92.68,5,2,Support,Delta
E1305,76.17,85.51,5,2,Support,Zeta
E1306,87.78,90.14,4.16,17,Marketing,Beta
E1307,69.08,89.95,3.69,16,Support,Zeta
E1308,80.47,95.43,4.12,16,HR,Gamma
E1309,72.98,92.37,4.33,14,Finance,Delta
E1310,72.82,89.87,3.61,7,Support,Beta
E1311,85.99,94.09,4.88,11,Marketing,Gamma
E1312,83.25,96.95,3.94,1,HR,Alpha
E1313,83.14,92.79,4.1,11,Sales,Epsilon
E1314,88.05,90.05,4.2,4,Tech,Beta
E1315,75.21,83.44,4.05,7,Tech,Delta
E1316,81.82,84.67,4.3,15,Sales,Zeta
E1317,71.9,88.47,3.43,18,R&D,Zeta
E1318,78.24,86.95,3.47,12,Support,Beta
E1319,73.7,89.07,3.14,17,Tech,Delta
E1320,75.97,90.28,4.06,1,R&D,Beta
E1321,80.95,92.65,4.27,11,Tech,Delta
E1322,66.82,89.65,4.07,1,Sales,Zeta
E1323,95.92,92.43,4.8,15,Support,Gamma
E1324,64.94,90.32,3.8,10,Support,Alpha
E1325,62.86,80.12,4.2,7,R&D,Gamma
E1326,86.58,85.3,3.14,2,Sales,Alpha
E1327,82.92,89.28,3.57,10,R&D,Zeta
E1328,81.24,83.95,4.22,4,Support,Gamma
E1329,81.28,93,4.31,12,Support,Gamma
E1330,74.88,97.65,3.62,19,HR,Beta
E1331,66.03,96.09,3.76,11,R&D,Epsilon
E1332,75.76,88.93,2.89,8,HR,Zeta
E1333,68.23,97.45,3.59,18,Sales,Delta
E1334,84.75,90.74,4.33,11,Finance,Zeta
E1335,73.53,88.31,4.15,11,Tech,Delta
E1336,66.75,86.93,4.1,13,HR,Delta
E1337,71.79,88.49,3.83,3,Tech,Alpha
E1338,79.13,88.06,3.8,12,Marketing,Delta
E1339,69.36,90.85,3.4,3,Sales,Delta
E1340,66.78,90.8,4.22,10,Finance,Beta
E1341,77.44,90.02,4.05,17,Marketing,Gamma
E1342,77.45,92.18,4.1,2,Marketing,Zeta
E1343,69.93,95.95,3.48,17,Support,Zeta
E1344,70.29,94.75,2.51,16,Marketing,Delta
E1345,77.32,82.58,4.46,2,Sales,Epsilon
E1346,60.52,77.23,3.51,20,HR,Zeta
E1347,60.93,94.67,3.28,6,Sales,Delta
E1348,67.82,83.17,4.22,10,HR,Alpha
E1349,72.87,88.88,3.56,10,Marketing,Alpha
E1350,78.11,84.15,4.44,8,Marketing,Alpha
E1351,89.75,80.99,4.17,1,Finance,Delta
E1352,83.58,92.71,4.21,13,HR,Beta
E1353,73.4,93.8,2.98,9,Marketing,Epsilon
E1354,74.81,87.12,4.53,10,Support,Delta
E1355,64.97,77.04,3.96,15,Tech,Beta
E1356,74.81,87.27,3.58,5,Finance,Beta
E1357,72.11,91.96,3.89,16,Sales,Zeta
E1358,78.23,82.61,2.73,13,Finance,Delta
E1359,66.73,90.92,4.05,20,Tech,Delta
E1360,80.19,89.92,3.18,18,HR,Beta
E1361,90.33,92.9,2.99,11,Sales,Beta
E1362,73.91,90.6,2.89,9,Sales,Beta
E1363,79.02,85.13,4.47,16,HR,Zeta
E1364,81.9,95.98,3.42,2,R&D,Delta
E1365,70.99,89.21,4.72,2,R&D,Beta
E1366,77.24,89.86,3.48,12,Finance,Alpha
E1367,75.13,85.33,2.78,8,Marketing,Delta
E1368,75.98,87.78,3.13,9,R&D,Zeta
E1369,67.27,85.58,4.54,12,Finance,Alpha
E1370,75.25,89.14,3.71,9,R&D,Gamma
E1371,79.98,98.56,3.47,10,Tech,Delta
E1372,89.51,83.14,3.9,2,Support,Gamma
E1373,84.59,81.93,4.1,16,Marketing,Beta
E1374,96.53,97.36,4.47,20,Finance,Zeta
E1375,67.33,88.95,4.67,7,Support,Beta
E1376,83.72,86.65,3.58,2,Support,Zeta
E1377,76.83,95.2,3,1,R&D,Epsilon
E1378,96.9,86.97,3.55,19,HR,Beta
E1379,66.92,99.13,3.96,4,Tech,Gamma
E1380,66.6,93.39,3.22,2,Tech,Zeta
E1381,69.01,87.56,3.23,14,Tech,Beta
E1382,53.76,100,4.01,2,Marketing,Delta
E1383,69.74,86.97,3.77,15,Sales,Zeta
E1384,67.41,93.71,3.82,12,Marketing,Zeta
E1385,76.5,91.5,3.34,5,Finance,Beta
E1386,78.42,96.51,3.66,20,Support,Epsilon
E1387,93.76,97.81,3.25,7,Support,Beta
E1388,84.5,90.16,4.33,10,Sales,Gamma
E1389,69.23,86.23,4.42,14,Finance,Gamma
E1390,66.02,92.3,2.69,14,Sales,Zeta
E1391,79.92,86.61,3.24,5,Support,Zeta
E1392,61.8,100,2.9,18,R&D,Beta
E1393,93.31,90.68,3.41,14,Marketing,Gamma
E1394,86.79,88.17,3.75,2,Tech,Gamma
E1395,70.31,90.92,2.93,12,Support,Epsilon
E1396,57.87,83.26,3.25,6,HR,Delta
E1397,88.54,85.14,3.2,4,Tech,Epsilon
E1398,73.85,96,3.92,13,Support,Alpha
E1399,87.38,86.72,3.84,4,Marketing,Epsilon
E1400,59.06,84.77,3.37,14,Sales,Beta
E1401,69.01,92.68,3.91,16,R&D,Delta
E1402,75.05,95.93,3.47,4,R&D,Beta
E1403,75.47,93.59,3.64,1,Tech,Alpha
E1404,70.5,94.98,4.8,13,Marketing,Delta
E1405,81.23,86.22,4.6,4,R&D,Zeta
E1406,64.32,82.89,3.02,20,R&D,Gamma
E1407,73.58,97.51,4.3,18,Finance,Epsilon
E1408,76.2,88.39,4.29,6,HR,Beta
E1409,80.14,88.75,3.11,3,Tech,Alpha
E1410,82.12,96.64,4.29,13,Sales,Gamma
E1411,63.75,92.78,4.72,16,R&D,Epsilon
E1412,59.66,92.28,3.13,5,Finance,Gamma
E1413,87.78,100,3.25,4,Marketing,Epsilon
E1414,78.32,86.78,4.41,8,R&D,Zeta
E1415,67.52,94.64,3.96,19,HR,Delta
E1416,90.51,90.29,4.13,14,Sales,Gamma
E1417,76.16,91.34,4,7,Marketing,Gamma
E1418,86.79,97.64,4.03,14,Marketing,Gamma
E1419,75.68,92.54,3,6,Tech,Delta
E1420,95.61,92.69,4.43,12,R&D,Alpha
E1421,92.55,95.36,4.5,16,Tech,Epsilon
E1422,72.51,88.18,3.66,17,Sales,Zeta
E1423,84.72,85.8,3.77,13,R&D,Gamma
E1424,81.45,84.78,2.88,14,Support,Delta
E1425,88.69,80.17,4.11,7,R&D,Alpha
E1426,65.35,100,4.14,14,Support,Epsilon
E1427,81.86,84.48,3.76,15,Marketing,Delta
E1428,85.58,88.89,4.47,12,Tech,Zeta
E1429,57.41,88.62,3.6,17,HR,Zeta
E1430,63.17,91.54,4.14,9,R&D,Epsilon
E1431,54.61,94.08,3.19,15,HR,Gamma
E1432,72.31,94.3,3.79,12,R&D,Zeta
E1433,82.18,87.08,3.7,2,Marketing,Alpha
E1434,90.02,89.16,3.94,5,Tech,Delta
E1435,75.74,91.41,3.58,13,Sales,Alpha
E1436,91.29,88.76,3.72,20,Sales,Gamma
E1437,61.2,98.04,4.3,8,Sales,Alpha
E1438,57.97,92.45,3.54,14,R&D,Alpha
E1439,74.44,93.67,2.84,15,R&D,Beta
E1440,78.84,93.31,4.85,11,HR,Alpha
E1441,74.67,95.87,4.63,1,Tech,Epsilon
E1442,54.33,90.91,3.02,3,R&D,Delta
E1443,74.11,83.52,4.21,17,Tech,Beta
E1444,61.96,92,3.5,19,HR,Delta
E1445,81.7,86.74,3.96,14,R&D,Delta
E1446,78.67,87.36,3.98,8,Sales,Gamma
E1447,65.6,92.93,3.66,13,Sales,Gamma
E1448,69.86,96.19,3.33,20,Marketing,Beta
E1449,64.41,90.11,3.39,3,Support,Zeta
E1450,74.37,91.54,3.25,5,Finance,Gamma
E1451,84.55,98.51,3.3,9,Support,Gamma
E1452,65.14,91.2,3.76,6,R&D,Gamma
E1453,80.04,100,3.37,2,Tech,Delta
E1454,69.7,92.83,4.21,13,R&D,Beta
E1455,67.07,81.2,4.69,5,Tech,Delta
E1456,73.93,93.77,3.45,8,Tech,Epsilon
E1457,64.65,91.91,3.94,1,Support,Delta
E1458,69.46,96.45,4.1,20,Finance,Epsilon
E1459,63.02,93.37,4.08,12,Marketing,Alpha
E1460,94.65,89.31,3.85,11,Support,Alpha
E1461,75.35,83.88,4.25,7,Finance,Epsilon
E1462,68,88.95,4.09,15,Sales,Epsilon
E1463,77.14,85.75,3.06,11,Sales,Delta
E1464,73.88,87.1,4.32,16,Tech,Epsilon
E1465,72.79,92.94,4.33,3,HR,Beta
E1466,81.14,98.35,3.34,20,R&D,Alpha
E1467,82.58,91.97,3.82,14,R&D,Alpha
E1468,69.69,84.02,4.21,3,Tech,Zeta
E1469,69.24,92.22,3.67,1,HR,Epsilon
E1470,72.25,95.98,4.44,15,Finance,Gamma
E1471,51.98,86.95,5,1,Sales,Gamma
E1472,59.85,89.33,3.33,17,R&D,Epsilon
E1473,88.67,90.07,2.97,2,Support,Beta
E1474,91.45,86.08,3.98,20,HR,Gamma
E1475,72.51,93.24,4.23,6,Finance,Zeta
E1476,80.77,89.4,3.66,8,Sales,Epsilon
E1477,78.11,92.1,4.67,16,Support,Beta
E1478,100,85.56,3,19,HR,Beta
E1479,86.2,87.81,4.22,1,Tech,Delta
E1480,73.72,93.61,3.44,3,Tech,Beta
E1481,65.44,88.14,4.83,3,Tech,Gamma
E1482,58.94,98.63,5,5,R&D,Gamma
E1483,77.03,88,3.34,12,Finance,Epsilon
E1484,67.44,91.12,3.47,12,Tech,Epsilon
E1485,60.78,94.66,4.32,20,R&D,Beta
E1486,68.53,82.91,3.57,13,Marketing,Zeta
E1487,64.18,81.2,3.77,20,R&D,Alpha
E1488,91.87,82.37,3.82,9,Sales,Delta
E1489,83.82,96.31,2.65,7,R&D,Alpha
E1490,74.92,87.24,3.79,4,Finance,Beta
E1491,89.8,100,3.39,19,Support,Beta
E1492,75.77,87.18,3.5,19,R&D,Alpha
E1493,66.39,90.92,4.67,6,Tech,Delta
E1494,90.23,97.71,3.05,13,Sales,Alpha
E1495,80.39,100,4.29,11,HR,Epsilon
E1496,64.63,100,3.63,13,Tech,Gamma
E1497,73.1,96.04,3.63,13,Sales,Zeta
E1498,66.24,95.12,4.27,20,Marketing,Epsilon
E1499,61.17,92.96,4,15,HR,Gamma
E1500,84.26,93.89,4.14,13,Marketing,Zeta
E1501,94.09,87.24,4.38,11,Support,Zeta
E1502,61.01,85.91,3.6,19,Sales,Zeta
E1503,80.63,89.98,3.43,8,Marketing,Beta
E1504,68.49,89.15,3.15,20,Support,Zeta
E1505,70.13,87.73,3.3,8,Sales,Delta
E1506,69.08,93.48,5,10,Sales,Alpha
E1507,66.36,94.78,4.55,16,Marketing,Delta
E1508,75.49,90.44,2.99,19,Sales,Alpha
E1509,66.69,97.39,3.01,11,Tech,Epsilon
E1510,77.7,84.29,4.09,13,Sales,Epsilon
E1511,74.5,89.03,4.13,9,Finance,Alpha
E1512,72.61,86.42,4.13,20,Support,Delta
E1513,65.92,80.67,3.65,19,Sales,Alpha
E1514,69.23,89.59,3.72,16,Finance,Zeta
E1515,82.55,89.39,4,7,Sales,Beta
E1516,80.01,97.57,3.85,19,Sales,Epsilon
E1517,65.22,93.15,2.47,12,Marketing,Beta
E1518,75.99,84.88,3.66,15,Tech,Zeta
E1519,82.51,99.27,3.29,14,Support,Zeta
E1520,58.31,96.11,3.91,11,Tech,Epsilon
E1521,80.43,92.91,5,10,HR,Epsilon
E1522,68.37,88.87,4.02,11,Marketing,Zeta
E1523,80.71,85.2,3.61,6,Marketing,Gamma
E1524,67.37,88.14,4.35,2,Tech,Beta
E1525,56.95,95.44,4.09,11,R&D,Beta
E1526,58.72,99.42,4.05,19,Marketing,Gamma
E1527,75.48,97.72,4.16,6,Tech,Delta
E1528,77.6,87.56,5,14,Marketing,Beta
E1529,65.96,84.4,3.12,20,Sales,Alpha
E1530,81.39,90.7,4.08,6,Tech,Zeta
E1531,58.38,81.16,3.24,17,Tech,Zeta
E1532,74.34,91.62,4.13,10,Finance,Gamma
E1533,62.89,89.26,3.25,1,Marketing,Beta
E1534,68.48,87.67,3.55,3,Marketing,Delta
E1535,75.47,82.03,3.62,8,Tech,Beta
E1536,66.4,92.57,4.39,8,Sales,Zeta
E1537,71.15,87.34,4.35,20,Sales,Epsilon
E1538,85.06,84.15,3.05,15,Support,Alpha
E1539,69.23,75.64,3.83,7,Sales,Gamma
E1540,83.36,89.86,3.37,11,Marketing,Epsilon
E1541,63.7,98.86,3.04,7,R&D,Delta
E1542,80.3,98.31,3.67,4,Finance,Epsilon
E1543,89.42,87.71,3.61,12,Tech,Epsilon
E1544,50.28,86.99,5,6,HR,Delta
E1545,67.03,92.34,4.06,14,Finance,Epsilon
E1546,80.77,85.01,2.97,12,R&D,Gamma
E1547,72.97,91.51,3.46,11,HR,Zeta
E1548,78.71,93.83,4.41,19,Finance,Beta
E1549,68.96,96.13,5,5,Sales,Epsilon
E1550,75.87,89.5,2.85,14,Marketing,Gamma
E1551,73.44,88.98,2.67,16,R&D,Beta
E1552,86.68,85.61,4.92,13,HR,Beta
E1553,77.54,85.87,4.03,20,R&D,Epsilon
E1554,78.38,88.87,3.28,4,Finance,Gamma
E1555,70.88,91.84,4.12,11,Marketing,Zeta
E1556,70.12,94.57,2.22,17,R&D,Epsilon
E1557,70.67,85.98,3.8,7,HR,Delta
E1558,78.94,97.46,4,14,Tech,Beta
E1559,70.79,88.64,4.35,11,Finance,Epsilon
E1560,77.9,89.89,3.19,9,Tech,Beta
E1561,95.75,86.26,3.85,13,Sales,Gamma
E1562,83.71,77.88,3.24,18,Tech,Alpha
E1563,71.74,94.42,3.95,11,Tech,Epsilon
E1564,87.01,93.68,3.26,15,Support,Zeta
E1565,70.92,88.59,3.56,19,Finance,Epsilon
E1566,54.62,90.33,3.2,1,Sales,Beta
E1567,64.92,92.58,4.19,4,Tech,Gamma
E1568,56.29,82.19,4.32,14,Marketing,Delta
E1569,71.48,87.35,3.66,14,HR,Zeta
E1570,75.18,93.97,3.82,3,Tech,Gamma
E1571,91.76,83.73,2.93,17,Sales,Epsilon
E1572,78.27,91.47,3.62,3,Tech,Delta
E1573,72.81,83.22,3.77,16,HR,Gamma
E1574,83.29,92.33,5,14,Sales,Alpha
E1575,52.89,89.82,3.13,20,Finance,Zeta
E1576,77.36,81.92,4.68,13,Sales,Beta
E1577,82.71,95.82,4.4,15,Finance,Gamma
E1578,60.21,86.33,3.97,14,Sales,Gamma
E1579,86.44,85.95,4.86,19,R&D,Alpha
E1580,78.38,91,4.02,6,HR,Epsilon
E1581,70.85,95.74,4.03,10,HR,Zeta
E1582,81.33,84.92,3.77,15,Sales,Zeta
E1583,97.71,90.31,4.53,20,R&D,Beta
E1584,76.82,92.14,4.46,6,Tech,Gamma
E1585,77.48,93.47,3.42,10,HR,Delta
E1586,70.41,90.88,3.01,7,Finance,Gamma
E1587,66.5,88.16,3.68,17,Finance,Beta
E1588,83.3,85.86,3.32,18,Marketing,Gamma
E1589,66.44,90.43,3.76,17,Support,Alpha
E1590,75.72,84.64,4.54,9,R&D,Gamma
E1591,70.22,75.39,3.53,10,Support,Gamma
E1592,79.79,92.18,3.77,10,Support,Delta
E1593,78.34,94.52,3.83,7,Finance,Alpha
E1594,85.38,78.19,4.31,16,Marketing,Alpha
E1595,69.9,84.95,2.45,18,Support,Gamma
E1596,72.3,93.1,3.44,6,Support,Zeta
E1597,65.21,100,3.93,20,Sales,Delta
E1598,70.56,90.1,4.52,1,Sales,Gamma
E1599,78.77,86.36,3.5,1,Sales,Gamma
E1600,82.57,89.09,2.67,12,Tech,Beta
E1601,65.78,96.87,4.17,2,Support,Beta
E1602,83.7,86.77,3.42,4,Tech,Zeta
E1603,88.56,86,3.09,17,Marketing,Delta
E1604,79.13,87.59,3.43,4,R&D,Epsilon
E1605,93.77,85.23,3.69,11,Finance,Beta
E1606,67.26,90.61,3.44,4,Support,Epsilon
E1607,62.55,98.12,2.48,1,Finance,Alpha
E1608,57.21,91.62,4.34,7,R&D,Beta
E1609,89.96,88.74,4.56,18,Sales,Beta
E1610,81.54,88.54,4.19,9,Support,Delta
E1611,74.44,82.18,3.12,3,HR,Zeta
E1612,77.8,94.42,3.68,8,Tech,Epsilon
E1613,63.75,89.61,3.8,19,Tech,Beta
E1614,99.46,89.1,4.16,4,Support,Beta
E1615,76.29,100,4.2,18,R&D,Delta
E1616,76.09,91.49,3.36,20,Sales,Delta
E1617,82.26,86.24,3.85,11,Tech,Zeta
E1618,79.81,87.87,4.07,14,Sales,Epsilon
E1619,77.24,95.74,4.67,18,Marketing,Alpha
E1620,67.1,90.57,4.22,16,Finance,Zeta
E1621,79.71,82.81,4.27,3,R&D,Alpha
E1622,93.82,94.6,3.85,15,HR,Gamma
E1623,88.45,86.66,4.65,4,Finance,Beta
E1624,90.93,99.37,4.05,5,Finance,Epsilon
E1625,69.89,95.4,3.28,17,Marketing,Zeta
E1626,65.1,87.76,4.64,7,Tech,Beta
E1627,73.74,96.41,4.22,16,HR,Epsilon
E1628,75.56,90.34,3.53,14,Tech,Epsilon
E1629,85.94,94.26,3.51,16,Support,Epsilon
E1630,58.08,92.42,3.98,7,Finance,Beta
E1631,90.3,85.77,4.08,9,Support,Zeta
E1632,73.42,86.78,3.92,4,Sales,Delta
E1633,70.73,95.15,3.99,11,Finance,Beta
E1634,64.88,88.33,4.82,2,Tech,Epsilon
E1635,58.45,87.98,4.44,12,Finance,Zeta
E1636,83.23,85.22,3.91,12,Sales,Gamma
E1637,75.73,92.12,4.36,4,Marketing,Alpha
E1638,62.1,100,3.18,18,Support,Epsilon
E1639,62.05,84.66,4.04,7,Support,Gamma
E1640,71.64,90.12,4.89,1,Tech,Delta
E1641,91.69,97.06,3.67,13,Finance,Epsilon
E1642,72.4,89.6,3.29,6,Tech,Gamma
E1643,59.97,92.26,3.41,6,Marketing,Epsilon
E1644,72.54,84.69,3.15,12,Finance,Beta
E1645,72.27,92.14,3.33,8,Finance,Zeta
E1646,48.03,89.06,3.58,19,Tech,Gamma
E1647,74.46,94.93,2.96,5,Tech,Zeta
E1648,72.69,95.94,3.81,18,Sales,Beta
E1649,81.96,100,4.34,5,R&D,Beta
E1650,93.49,92.9,3.26,10,R&D,Zeta
E1651,86.27,91.63,4.71,1,Marketing,Gamma
E1652,72.31,90.97,4.11,10,R&D,Zeta
E1653,63.93,88.23,4.42,5,Sales,Zeta
E1654,100,91.69,3.41,12,Support,Alpha
E1655,75.59,88.52,4.31,7,Finance,Gamma
E1656,75.14,90.84,3.14,9,Tech,Alpha
E1657,74.76,96.59,4.33,12,Finance,Epsilon
E1658,76.98,84.97,3.9,1,Finance,Zeta
E1659,73.56,95.7,4.13,11,HR,Epsilon
E1660,69.26,96.59,3.09,15,Support,Gamma
E1661,69.53,89.41,3.26,2,HR,Zeta
E1662,74.67,79.39,4.16,20,R&D,Epsilon
E1663,69.57,86.96,3.23,7,Finance,Delta
E1664,67.87,96.48,4.08,12,Tech,Beta
E1665,76.06,89.89,2.98,18,Finance,Zeta
E1666,72.45,85,4.31,3,Support,Beta
E1667,90.04,87.48,3.06,7,HR,Alpha
E1668,48.49,94.2,4.13,11,Tech,Epsilon
E1669,85.92,92.73,4.18,18,Finance,Alpha
E1670,87.46,88.81,3.38,12,Marketing,Zeta
E1671,54.27,88.17,4.15,6,Support,Beta
E1672,71.57,88.04,3.96,5,Support,Beta
E1673,71.29,85.39,3.48,1,Marketing,Epsilon
E1674,60.92,98.08,3.19,12,Finance,Zeta
E1675,67.22,88.39,2.62,11,Support,Delta
E1676,63.89,96.09,4.01,4,Tech,Delta
E1677,92.52,97.61,2.86,18,Finance,Epsilon
E1678,84.36,94.99,3.86,4,Finance,Zeta
E1679,87.72,87.84,3.64,17,HR,Epsilon
E1680,82.22,92.02,4.21,2,Support,Zeta
E1681,63.71,89.88,3.62,2,Support,Alpha
E1682,69.75,85.48,3.6,12,Marketing,Epsilon
E1683,79.89,91.62,4.24,6,HR,Zeta
E1684,62.78,84.1,4,10,R&D,Delta
E1685,82.13,95.94,3.99,16,HR,Zeta
E1686,72.6,87.68,4.08,14,Support,Zeta
E1687,71.25,91.01,2.88,7,Finance,Epsilon
E1688,82.11,91.42,4.25,19,HR,Alpha
E1689,79.44,88.71,4.17,17,Marketing,Alpha
E1690,71.39,92.93,3.19,9,HR,Alpha
E1691,86.59,87.63,3.65,13,Marketing,Alpha
E1692,64.19,94.36,3.78,5,R&D,Gamma
E1693,81.16,83.27,3.72,5,HR,Epsilon
E1694,80.93,90.63,4,10,Marketing,Beta
E1695,71.9,99.69,4.66,10,HR,Epsilon
E1696,78.26,85,4.45,7,R&D,Gamma
E1697,62.49,86.61,3.01,15,HR,Alpha
E1698,84.24,92.57,4.17,7,Tech,Gamma
E1699,73.15,90.9,4.6,15,Marketing,Delta
E1700,69.77,91.75,4.03,3,R&D,Delta
E1701,85.49,92.45,4.45,19,Marketing,Epsilon
E1702,67.96,93.17,5,10,Marketing,Epsilon
E1703,60.92,95.55,4.41,15,Sales,Beta
E1704,59.43,92.05,3.95,3,R&D,Beta
E1705,81.06,88.79,4.43,6,HR,Delta
E1706,62.2,93.36,3.89,12,Marketing,Alpha
E1707,92.55,99.5,3.81,15,Support,Gamma
E1708,54.18,89.34,3.59,6,Sales,Beta
E1709,91.96,85.13,4.74,13,Tech,Zeta
E1710,77.11,95.54,3.31,19,Marketing,Beta
E1711,74.03,89.4,4.72,3,Marketing,Alpha
E1712,69.55,79.14,4.1,8,Sales,Alpha
E1713,78.99,94.24,2.96,8,HR,Epsilon
E1714,74.62,87.32,4.02,20,Support,Gamma
E1715,86.03,89.55,2.54,15,Tech,Alpha
E1716,76.14,91.66,4.18,4,Marketing,Beta
E1717,76.5,90.95,4.33,19,HR,Beta
E1718,71.36,93.55,3.44,3,R&D,Delta
E1719,74.43,87.82,3.87,13,Support,Alpha
E1720,78.08,92.57,4.97,8,R&D,Zeta
E1721,57.9,88.7,3.5,16,Support,Epsilon
E1722,61.52,93.69,3.16,13,Tech,Gamma
E1723,82.43,93.08,4.69,3,Finance,Zeta
E1724,76.71,85.32,4.98,16,Support,Epsilon
E1725,73.16,95.43,3.8,9,Finance,Beta
E1726,75.18,87.32,4.41,14,R&D,Zeta
E1727,78.48,94.04,4.6,13,Support,Epsilon
E1728,69.6,91.84,3.35,7,Tech,Beta
E1729,67.22,99.19,3.51,15,Sales,Beta
E1730,76.96,88.88,4.54,7,Tech,Beta
E1731,65.22,88.25,4.81,6,Tech,Beta
E1732,79.08,89.9,4.14,2,Sales,Beta
E1733,57.97,88.48,3.27,9,Sales,Delta
E1734,85.29,94,4.99,17,HR,Zeta
E1735,79.73,81.92,3.48,5,Support,Epsilon
E1736,77.56,84.73,3.6,12,R&D,Delta
E1737,84.83,84.66,4.01,1,HR,Delta
E1738,91.65,94.75,4.73,10,Sales,Alpha
E1739,85.14,98.55,4.31,11,Finance,Alpha
E1740,56.59,89.48,4.05,16,R&D,Alpha
E1741,62.2,89.16,4.08,14,Finance,Gamma
E1742,68.75,90.35,3.83,8,Tech,Alpha
E1743,75.26,95.81,4.13,17,Marketing,Epsilon
E1744,80.18,85.36,2.28,18,Tech,Delta
E1745,67.74,91.19,3.62,12,Tech,Epsilon
E1746,76.87,94.88,3.94,17,Marketing,Zeta
E1747,67.45,92.51,3.11,14,Support,Alpha
E1748,68.88,90.95,4.03,16,Sales,Gamma
E1749,60.93,95.01,3.68,14,Finance,Zeta
E1750,65.77,76.48,4.85,9,Tech,Gamma
E1751,61.48,93.39,4.74,4,Marketing,Zeta
E1752,65.24,86.73,3.52,11,HR,Delta
E1753,85.54,80.85,3.71,6,Tech,Epsilon
E1754,65.51,92.56,3.76,15,Finance,Beta
E1755,100,96.87,3.53,5,Sales,Epsilon
E1756,79.93,89.31,3.92,11,Tech,Alpha
E1757,76.85,94.76,3.35,18,Tech,Beta
E1758,66.42,98.06,3.12,13,Support,Gamma
E1759,82,96.57,4.17,11,Marketing,Delta
E1760,69.24,98.2,4.18,14,HR,Delta
E1761,76.22,93.71,3.32,18,HR,Gamma
E1762,100,90.38,4.34,19,R&D,Alpha
E1763,74.04,81.99,3.42,15,Sales,Gamma
E1764,86.49,88.77,3.95,9,R&D,Zeta
E1765,67.97,85.78,4.29,8,Finance,Alpha
E1766,74.65,100,3.78,20,Sales,Beta
E1767,92.71,89.12,4.07,1,Tech,Gamma
E1768,68.73,90.62,3.49,4,Tech,Alpha
E1769,93.12,92.76,3.68,14,HR,Beta
E1770,82.08,90.22,3.68,2,Finance,Gamma
E1771,69.38,98.48,3.35,16,Marketing,Delta
E1772,81.32,86.89,3.69,3,Finance,Gamma
E1773,84.73,90.97,2.87,8,Tech,Epsilon
E1774,81.22,86.29,3.51,6,Marketing,Gamma
E1775,59.3,83.4,3.63,16,Finance,Epsilon
E1776,67.73,86.94,3.65,16,Finance,Beta
E1777,72.52,89.81,3.66,7,Marketing,Gamma
E1778,74.26,87.85,3.76,13,Tech,Beta
E1779,81.21,86.54,4.09,13,Finance,Beta
E1780,76.78,82.97,4.32,5,Marketing,Alpha
E1781,61.65,89.58,3.41,20,Support,Beta
E1782,78.8,82.48,3.08,18,Support,Beta
E1783,81.11,93.8,3.17,15,Tech,Gamma
E1784,80.6,90.41,3.51,18,Marketing,Gamma
E1785,85.81,82.71,3.59,2,Support,Delta
E1786,83.34,88.45,3.34,10,Marketing,Alpha
E1787,79.59,86.24,3.02,13,Finance,Beta
E1788,74.3,91.6,3.53,18,Tech,Alpha
E1789,58.39,96.7,3.91,15,Support,Epsilon
E1790,79.3,80.62,4.16,12,R&D,Beta
E1791,77.08,90.58,3.47,15,Finance,Alpha
E1792,77.72,89.2,3.55,13,R&D,Delta
E1793,62.23,93.36,3.24,18,R&D,Delta
E1794,64.19,91.07,3.78,15,Sales,Beta
E1795,85.53,86.24,3.29,11,Sales,Epsilon
E1796,74.6,88.4,4.14,19,Tech,Delta
E1797,81.82,86.02,2.73,3,Support,Delta
E1798,75.28,95.38,3.58,7,Support,Epsilon
E1799,75.3,90.11,3.98,14,Support,Alpha
E1800,84.38,99.51,3.91,14,Marketing,Delta
E1801,69.84,89.7,5,13,Finance,Gamma
E1802,75.96,86.46,4.01,12,Support,Zeta
E1803,70.38,82.43,3.2,9,Finance,Zeta
E1804,70.66,80.98,3.74,1,Tech,Delta
E1805,71.91,82.08,2.73,19,R&D,Alpha
E1806,77.22,91.34,3.75,11,Support,Alpha
E1807,70.21,92.54,3.3,19,Tech,Beta
E1808,87.56,82.09,4.35,18,Support,Gamma
E1809,66.05,94.48,3.47,12,Sales,Alpha
E1810,73.13,87.58,3.73,1,HR,Epsilon
E1811,70.6,90.73,3.42,19,Tech,Gamma
E1812,89.47,98.06,4.84,20,Support,Zeta
E1813,76.97,94.48,3.61,17,HR,Gamma
E1814,85.32,88.66,4.9,5,Tech,Epsilon
E1815,60.14,85.54,4.29,3,Marketing,Delta
E1816,77.67,79.24,4.09,2,Support,Epsilon
E1817,83.9,86.4,4.02,3,Marketing,Epsilon
E1818,75.82,88.94,4.04,8,Sales,Delta
E1819,85.65,85.06,2.64,16,Support,Delta
E1820,69.83,89.34,3.63,6,R&D,Delta
E1821,89.09,90.38,4.31,13,Sales,Delta
E1822,97.99,88.88,3.77,16,HR,Delta
E1823,71.37,86.75,2.96,16,Tech,Epsilon
E1824,70.54,90.84,3.77,3,Finance,Beta
E1825,89.53,92.21,4.82,13,Sales,Beta
E1826,90.8,84.55,4.55,14,Finance,Alpha
E1827,69.77,97.05,3.76,8,Finance,Beta
E1828,70.8,89.51,4.37,12,Tech,Zeta
E1829,72.18,90.09,3.58,8,HR,Beta
E1830,61.56,93.54,2.78,9,Tech,Epsilon
E1831,65.81,91.17,3.25,1,Support,Delta
E1832,64.96,94.77,4.74,6,Sales,Delta
E1833,67.32,91.44,3.64,19,Finance,Epsilon
E1834,74.65,86.94,3.65,11,Tech,Zeta
E1835,77.34,91.81,3.62,11,Tech,Beta
E1836,90.51,84.28,4.94,13,Tech,Epsilon
E1837,65.02,90.54,4.78,11,Sales,Alpha
E1838,84.84,89.83,5,18,HR,Delta
E1839,72.86,88.96,3.7,15,R&D,Gamma
E1840,74.51,89.36,3.98,1,Tech,Alpha
E1841,81.75,80.59,2.89,7,Sales,Zeta
E1842,63.77,87.26,4.69,13,Finance,Alpha
E1843,78.82,90.46,3.1,12,Support,Epsilon
E1844,76.66,90.8,3.93,18,R&D,Beta
E1845,79.92,84.86,3.14,19,Marketing,Delta
E1846,77.89,96.33,3.45,15,R&D,Zeta
E1847,99.55,85.67,3.3,8,R&D,Zeta
E1848,68.62,94.85,3.44,19,Sales,Gamma
E1849,69.69,92.14,3.48,10,Marketing,Alpha
E1850,68.77,86.77,3.47,7,Tech,Gamma
E1851,69.45,98.88,4.3,18,Tech,Beta
E1852,68.63,84.03,3.14,16,R&D,Beta
E1853,86.89,94.6,3.93,20,Sales,Gamma
E1854,89.21,95,4.53,6,Marketing,Delta
E1855,69.29,86.65,3.49,9,Tech,Beta
E1856,66.68,96.96,3.37,13,Finance,Gamma
E1857,79.71,88.75,3.66,8,HR,Alpha
E1858,69.48,91.44,4.51,16,HR,Gamma
E1859,81.33,91.3,3.92,13,Tech,Gamma
E1860,77.03,89.33,3.48,13,Marketing,Epsilon
E1861,59.84,94.05,4.09,17,Support,Beta
E1862,90.48,93.97,3.14,20,Tech,Delta
E1863,92.96,81.26,4.21,5,Support,Delta
E1864,68.87,96.52,4.05,17,Support,Epsilon
E1865,71.12,81.69,3.62,9,Marketing,Zeta
E1866,77.86,95.16,3.3,2,Support,Delta
E1867,78.34,95.63,3.27,18,Finance,Gamma
E1868,81.59,84.55,4.12,9,Marketing,Epsilon
E1869,95.1,87.95,4.54,6,Tech,Alpha
E1870,73.23,84.47,3.42,11,R&D,Beta
E1871,67.02,88.93,4.08,6,Finance,Beta
E1872,61.21,88.46,2.55,6,Sales,Beta
E1873,67.69,93.9,3.45,13,HR,Gamma
E1874,74.67,96.55,3.78,11,Tech,Alpha
E1875,92.95,96.98,3.25,14,Tech,Epsilon
E1876,69.82,87.19,3.24,2,Tech,Epsilon
E1877,77.24,88.95,3.4,8,Finance,Beta
E1878,74.84,81.58,3.98,3,Sales,Alpha
E1879,86.88,85.97,3.69,3,R&D,Alpha
E1880,100,94.82,2.46,1,Marketing,Alpha
E1881,69.69,98.08,2.53,19,Sales,Delta
E1882,70.11,83.83,3.44,18,Finance,Delta
E1883,85.44,87.04,4.07,17,Tech,Beta
E1884,81.82,89.87,2.15,20,HR,Alpha
E1885,93.47,91.4,3.5,13,Tech,Zeta
E1886,80.84,85.95,3.48,3,Marketing,Alpha
E1887,71.41,92.12,4.63,1,Support,Epsilon
E1888,80.91,87.63,3.57,4,HR,Epsilon
E1889,86.09,89.93,4.03,13,Tech,Beta
E1890,83.2,92.73,3.88,17,R&D,Zeta
E1891,80.07,90.03,2.52,11,HR,Alpha
E1892,85.67,87.82,4.26,2,Support,Zeta
E1893,86.69,89.45,3.93,16,Sales,Beta
E1894,88.82,89.56,4.1,2,Finance,Epsilon
E1895,81.49,88.15,5,19,Tech,Epsilon
E1896,73.33,88.71,2.55,19,Marketing,Delta
E1897,76.47,97.99,4.83,16,Sales,Beta
E1898,87.07,92.8,3.63,19,Tech,Beta
E1899,66.83,88.52,3.97,9,Sales,Alpha
E1900,78.69,93.48,3.77,1,Marketing,Alpha
E1901,71.07,88.33,3.55,10,Tech,Delta
E1902,75.29,95.87,3.46,19,Support,Gamma
E1903,87.78,91.85,4,1,Support,Zeta
E1904,76.91,89.46,2.89,2,Marketing,Gamma
E1905,75.46,92.24,4.25,16,HR,Gamma
E1906,61.4,82.15,3.55,12,Marketing,Beta
E1907,82.46,84.37,3.12,8,HR,Zeta
E1908,81.45,84.03,3.53,18,Tech,Beta
E1909,96.63,90.71,4.55,2,HR,Zeta
E1910,71.92,98.66,3.48,13,Tech,Epsilon
E1911,77.19,100,4.02,6,Tech,Beta
E1912,77.49,93.19,3.36,6,R&D,Beta
E1913,90.77,92.5,4.25,9,Finance,Beta
E1914,74.05,80.99,4.21,16,Tech,Delta
E1915,77.79,87.29,4.91,11,HR,Beta
E1916,81.08,86.06,3.69,7,Finance,Alpha
E1917,76.87,86.9,4.2,10,Finance,Alpha
E1918,70.54,89.16,3.86,10,Tech,Zeta
E1919,76.94,87.64,4.58,20,Marketing,Epsilon
E1920,85.74,80.1,3.37,18,Marketing,Delta
E1921,64.73,93.74,4.25,20,Support,Zeta
E1922,76.33,84.64,3.68,9,Finance,Alpha
E1923,68,91.2,3.76,15,Tech,Delta
E1924,86.95,100,3.86,4,R&D,Delta
E1925,59.77,85.4,3.95,8,Marketing,Epsilon
E1926,69.41,77.35,3.73,9,R&D,Delta
E1927,78.77,88.57,3.93,13,Tech,Beta
E1928,90.66,95.5,4.75,9,Tech,Delta
E1929,74.34,99.79,4.39,4,Finance,Epsilon
E1930,69.45,83.85,4.32,17,R&D,Zeta
E1931,93.81,92.48,3.53,16,Support,Epsilon
E1932,60.52,87.67,3.27,15,Finance,Epsilon
E1933,53.01,89.47,4.37,3,Sales,Alpha
E1934,79.4,100,4.33,20,R&D,Beta
E1935,69.98,82.49,4.68,5,Marketing,Alpha
E1936,64.79,91.27,3.44,5,Marketing,Zeta
E1937,82.08,92.34,3.66,20,Marketing,Gamma
E1938,77.44,95.43,2.82,15,HR,Zeta
E1939,69.36,90.49,3.56,18,Tech,Beta
E1940,62.2,91.54,4.4,15,Finance,Delta
E1941,83.72,88.04,3.52,2,Marketing,Epsilon
E1942,81.5,91.35,4.18,13,Sales,Gamma
E1943,74.01,88.28,3.69,4,Marketing,Beta
E1944,93.47,93.11,3.99,10,Support,Alpha
E1945,64.3,88.15,3.11,13,Tech,Epsilon
E1946,59.74,91.89,3.85,10,R&D,Zeta
E1947,68.08,89.85,2.01,9,Tech,Alpha
E1948,74.54,95.63,3.69,8,R&D,Beta
E1949,77.43,89.74,2.82,3,R&D,Beta
E1950,72.59,81.13,4.52,16,Finance,Zeta
E1951,78.52,96.31,4.27,14,HR,Gamma
E1952,62.48,85.47,4.08,9,R&D,Zeta
E1953,89.44,86.73,4.71,11,R&D,Delta
E1954,74.18,87.02,3.23,3,Finance,Alpha
E1955,86.17,96.87,4.85,5,Marketing,Gamma
E1956,78.43,79.32,4.36,10,Support,Epsilon
E1957,79.57,100,3.66,13,Sales,Delta
E1958,80.7,95.28,4.48,4,Finance,Gamma
E1959,79.48,91.12,3.14,13,HR,Alpha
E1960,81.43,89.73,3.31,12,Finance,Beta
E1961,88.29,91.43,3.43,5,Tech,Epsilon
E1962,76.97,92.61,3.48,10,Marketing,Zeta
E1963,82.09,93.23,3.17,9,Marketing,Alpha
E1964,74.1,92.78,4.53,20,R&D,Delta
E1965,89.4,90.45,3.64,7,Marketing,Delta
E1966,68.24,89.01,4.01,2,Marketing,Beta
E1967,93.01,89.24,3.46,7,Marketing,Beta
E1968,74.6,89.03,2.71,8,Marketing,Epsilon
E1969,60.69,95.67,3.96,7,Sales,Zeta
E1970,76.28,92.97,2.65,14,HR,Epsilon
E1971,68.19,75.3,3.76,19,R&D,Beta
E1972,83.41,93.28,2.98,5,Marketing,Beta
E1973,68.47,90.97,4.99,18,R&D,Delta
E1974,70.54,89.91,4.35,20,HR,Beta
E1975,56.1,88.06,3.86,12,Support,Gamma
E1976,70.48,95.62,4.56,17,Marketing,Alpha
E1977,50.76,94.74,3.29,13,R&D,Beta
E1978,59.16,86.14,4.13,2,Finance,Epsilon
E1979,82.6,92.04,3.92,13,R&D,Zeta
E1980,82.86,85.14,3.96,7,Marketing,Zeta
E1981,79.25,83.1,4.56,10,Tech,Zeta
E1982,65.33,86.87,4.24,6,Sales,Gamma
E1983,74.52,94.31,3.97,3,Finance,Epsilon
E1984,74.96,94.77,2.81,3,Finance,Gamma
E1985,63.42,92.57,3.22,18,Tech,Beta
E1986,90.03,93.63,3.73,11,Marketing,Alpha
E1987,83.77,92.58,3.86,20,Sales,Zeta
E1988,72.79,86.79,3.12,5,Finance,Epsilon
E1989,75.27,92.16,5,19,Sales,Zeta
E1990,77.08,94,4.71,19,Finance,Gamma
E1991,54.58,93.77,4.16,15,Marketing,Delta
E1992,72.53,95.94,3.84,16,Support,Beta
E1993,68.18,93.54,3.67,9,Finance,Alpha
E1994,64.98,91.76,3.23,4,Support,Beta
E1995,72.19,95.35,3.85,15,Finance,Delta
E1996,92.98,89.87,3.95,12,HR,Alpha
E1997,81.41,85.59,3.05,3,Marketing,Delta
E1998,69.29,89.18,4,14,Tech,Beta
E1999,80.73,86.28,3.71,17,Support,Gamma
